NO,ID,NICKNAME,PW,EMAIL,CREATE_DATE,MODIFY_DATE,DELYN,ROLE
,admin,관리자,admin,ckd04p@gmail.com,2024-04-27 12:41:00.000,,N,A
,ckd04p,용문동물주먹,123,ckd04p@gmail.com,2024-04-27 12:41:00.001,,N,U
,ckd1994,연쇄할인마,123,ckd04p@gmail.com,2024-04-27 12:41:00.002,,N,U
,fgt627,앨리스,E34yYwUn,email1@gmail.com,2022-08-20 00:00:00.000,,N,U
,gdp987,스미스,IgjMUJC,email2@naver.com,2023-11-05 00:00:00.000,,N,U
,hka543,브라운,heJ0v1,email3@hotmail.com,2023-02-17 00:00:00.000,,N,U
,yjw863,존슨,jTqZmP,email4@hanmail.net,2022-10-11 00:00:00.000,,N,U
,zrq259,데이비스,5Janxl6q,email5@nextit.or.kr,2021-07-29 00:00:00.000,,N,U
,dwc124,윌리엄스,nzUotV,email6@gmail.com,2023-09-04 00:00:00.000,,N,U
,kbv582,해리스,eXxrtz2,email7@naver.com,2022-03-16 00:00:00.000,,N,U
,luv365,마틴,WFRpQ313,email8@hotmail.com,2021-12-08 00:00:00.000,,N,U
,npx491,브라운,3hn5IPR,email9@hanmail.net,2023-05-22 00:00:00.000,,N,U
,xqs573,로페즈,noN8t29,email10@gmail.com,2021-12-30 00:00:00.000,,N,U
,veo759,로페즈,s2cRT4h,email11@gmail.com,2021-04-09 00:00:00.000,,N,U
,pas269,힐,PLiw6k,email12@naver.com,2022-04-29 00:00:00.000,,N,U
,rhw802,클락,06220LDw,email13@hotmail.com,2023-03-08 00:00:00.000,,N,U
,dpe174,무어,8eQZ7f,email14@gmail.com,2023-01-03 00:00:00.000,,N,U
,lsk951,앨런,6I0wfv6,email15@gmail.com,2023-03-30 00:00:00.000,,N,U
,pqi627,베이커,gyFO5mWu,email16@naver.com,2023-10-15 00:00:00.000,,N,U
,vxw408,영,dtQmXchS,email17@hotmail.com,2022-08-04 00:00:00.000,,N,U
,pmq382,가르시아,UNxcBH8T,email18@hanmail.net,2021-11-22 00:00:00.000,,N,U
,luw974,윌슨,wVLySW,email19@gmail.com,2021-10-29 00:00:00.000,,N,U
,huj348,홀,6I0NNZY,email20@gmail.com,2022-01-31 00:00:00.000,,N,U
,hsu860,스콧,qYP6rV,email21@naver.com,2022-02-21 00:00:00.000,,N,U
,jwo745,화이트,b4VsxGeX,email22@hotmail.com,2022-04-25 00:00:00.000,,N,U
,mxt527,존스,2xlcQPP,email23@hanmail.net,2023-07-16 00:00:00.000,,N,U
,iot395,곤잘레스,DrpUwid,email24@gmail.com,2021-09-05 00:00:00.000,,N,U
,ybf618,워커,lC7b0wXo,email25@gmail.com,2023-05-08 00:00:00.000,,N,U
,rbg104,페레즈,hSMw7yK,email26@naver.com,2022-06-01 00:00:00.000,,N,U
,xnv841,윌슨,X4iSjPW,email27@hotmail.com,2023-04-18 00:00:00.000,,N,U
,dre567,카터,gGWq1XZ,email28@hanmail.net,2021-08-10 00:00:00.000,,N,U
,spb985,앤더슨,aKBt3e,email29@gmail.com,2021-09-26 00:00:00.000,,N,U
,slc390,플로레스,BY4eImp6,email30@gmail.com,2021-06-13 00:00:00.000,,N,U
,esd816,에르난데스,KsiRWpZ,email31@gmail.com,2023-09-22 00:00:00.000,,N,U
,gxj495,홀,mFoeqRT,email32@hotmail.com,2022-11-27 00:00:00.000,,N,U
